<?xml version="1.0" encoding="UTF-8"?>
<filmoteca>
    <pelicula estreno="1942" minutos="102 ">
        <titulo>Casablanca</titulo>
        <director>Michael Curtiz</director>
        <guion>
            <al><guionista>Julius J. Epstein</guionista></al>
            <guionista>Philip G. Epstein</guionista>
            <guionista>Howard Koch</guionista>
        </guion>
        <reparto>
            <interprete papel="protagonista">Humphrey Bogart</interprete>
            <interprete papel="protagonista">Ingrid Bergman</interprete>
            <interprete papel="secundario">Paul Henreid</interprete>
            <interprete papel="secundario">Claude Rains</interprete>
            <interprete papel="secundario">Conrad Veidt</interprete>
            <interprete papel="secundario">Curt Bois</interprete>
            <interprete papel="secundario">18.2</interprete>
        </reparto>
        <esloganes>
            <eslogan> El mito hecho celuloide</eslogan>
            <eslogan>La obra maestra absoluta</eslogan>
            <eslogan>Puede que nunca se haga una película mejor</eslogan>
        </esloganes>
    </pelicula>

    <pelicula estreno="1960" minutos="125 ">
        <titulo>El apartamento</titulo>
        <director>Billy Wilder</director>
        <guion>
            <guionista>Billy Wilder</guionista>
            <guionista>I.A.L. Diamond</guionista>
        </guion>
        <reparto>
            <interprete papel="protagonista">Jack Lemmon</interprete>
            <interprete papel="protagonista">Shirley MacLaine</interprete>
            <interprete papel="secundario">Ray Walston</interprete>
            <interprete papel="secundario">Edie Adams</interprete>
        </reparto>
        <esloganes>
            <eslogan>La obra maestra del genio Wilder</eslogan>
            <eslogan>Para los que no creemos en Dios pero creemos en Billy Wilder</eslogan>
            <eslogan>Perfecta para hacerme reír y llorar</eslogan>
        </esloganes>
    </pelicula>
    <!-- otras peliculas -->
</filmoteca>