<ciudades>
    <ciudad>
        <nombre>
            Nueva Delhi
        </nombre>
        <pais continente="Asia">
            India
        </pais>
    </ciudad>
    <ciudad>
        <nombre>
            Lisboa
        </nombre>
        <pais continente="Europa">
            Portugal
        </pais>
    </ciudad>
    <ciudad>
        <nombre>
            El Cairo
        </nombre>
        <pais continente="Africa">
            Egipto
        </pais>
    </ciudad>
</ciudades>