<!DOCTYPE html>
<html>
   <body>
      <h1>IES Alvaro Falomir</h1>
      <p>
                    Página web:
                    <a href="http://www.iesalvarofalomir.es/">http://www.iesalvarofalomir.es/</a></p>
      <table border="1">
         <tr>
            <th>Nombre del ciclo</th>
            <th>Grado</th>
            <th>Año del título</th>
         </tr>
         <tr>
            <td>Administración de Sistemas Informáticos en Red</td>
            <td>Superior</td>
            <td>2009</td>
         </tr>
         <tr>
            <td>Desarrollo de Aplicaciones Web</td>
            <td>Superior</td>
            <td>2010</td>
         </tr>
         <tr>
            <td>Sistemas Microinformáticos y Redes</td>
            <td>Medio</td>
            <td>2008</td>
         </tr>
      </table>
   </body>
</html>